{
"name": "bunny",
"data": "bunny.pop",
"numVertices": "208890",
"xmin": -1.8938,
"ymin": -0.340252,
"zmin": -1.23747,
"xmax": 1.22018,
"ymax": 2.74642,
"zmax": 1.17599,
"factor": 65535,
"levelCount": 16,
"levels": [36,300,1410,5826,22422,78876,190422,208758,208884,208890,208890,208890,208890,208890,208890,208890]
}
